session	pass	model	layers	from	to	covers	after
pilot-entities-001	entities	opus	entities	scripture	scripture	All of scripture	
pilot-entities-002	entities	opus	entities	1-nephi	1-nephi	1 Nephi	pilot-entities-001
pilot-entities-003	entities	opus	entities	doctrine-and-covenants/46-84	doctrine-and-covenants/46-84	D&C 46–84	pilot-entities-002
pilot-review-entities-1	entities	opus	entities	scripture	scripture	All of scripture	entities:*
pilot-review-entities-2	entities	opus	entities	1-nephi	1-nephi	1 Nephi	entities:*
pilot-review-entities-3	entities	opus	entities	doctrine-and-covenants/46-84	doctrine-and-covenants/46-84	D&C 46–84	entities:*
pilot-people-001	people	sonnet	names,speakers	isaiah/1	isaiah/14	Isaiah 1–14	review-entities:*
pilot-people-002	people	sonnet	names,speakers	1-nephi/1	1-nephi/12	1 Nephi 1–12	review-entities:*
pilot-people-003	people	sonnet	names,speakers	doctrine-and-covenants/76	doctrine-and-covenants/84	D&C 76–84	review-entities:*
pilot-review-people-1	people	opus	names,speakers	isaiah/1	isaiah/14	Isaiah 1–14	people:*
pilot-review-people-2	people	opus	names,speakers	1-nephi/1	1-nephi/12	1 Nephi 1–12	people:*
pilot-review-people-3	people	opus	names,speakers	doctrine-and-covenants/76	doctrine-and-covenants/84	D&C 76–84	people:*
pilot-facts-001	facts	sonnet	relationships,journeys,dates	isaiah/1	isaiah/14	Isaiah 1–14	review-people:*
pilot-facts-002	facts	sonnet	relationships,journeys,dates	1-nephi/1	1-nephi/12	1 Nephi 1–12	review-people:*
pilot-facts-003	facts	sonnet	relationships,journeys,dates	doctrine-and-covenants/76	doctrine-and-covenants/84	D&C 76–84	review-people:*
pilot-review-facts-1	facts	opus	relationships,journeys,dates	isaiah/1	isaiah/14	Isaiah 1–14	facts:*
pilot-review-facts-2	facts	opus	relationships,journeys,dates	1-nephi/1	1-nephi/12	1 Nephi 1–12	facts:*
pilot-review-facts-3	facts	opus	relationships,journeys,dates	doctrine-and-covenants/76	doctrine-and-covenants/84	D&C 76–84	facts:*
pilot-links-001	links	opus	links,structures	isaiah/1	isaiah/14	Isaiah 1–14	review-people:*
pilot-links-002	links	opus	links,structures	1-nephi/1	1-nephi/12	1 Nephi 1–12	review-people:*
pilot-links-003	links	opus	links,structures	doctrine-and-covenants/76	doctrine-and-covenants/84	D&C 76–84	review-people:*
pilot-review-links-1	links	opus	links,structures	isaiah/1	isaiah/14	Isaiah 1–14	links:*
pilot-review-links-2	links	opus	links,structures	1-nephi/1	1-nephi/12	1 Nephi 1–12	links:*
pilot-review-links-3	links	opus	links,structures	doctrine-and-covenants/76	doctrine-and-covenants/84	D&C 76–84	links:*
